{"Iteration": 0, "Steps": 1019999, "Epsilon": 0.050000000000000044, "Episodes": 8, "AverageReturn": -17.375, "AverageDiscountedReturn": -0.5915280132399118, "TDError^2": 0.009965951554477215}
{"Iteration": 1, "Steps": 1029999, "Epsilon": 0.050000000000000044, "Episodes": 13, "AverageReturn": -17.0, "AverageDiscountedReturn": -0.5737673576258493, "TDError^2": 0.007867984473705292}
{"Iteration": 2, "Steps": 1039999, "Epsilon": 0.050000000000000044, "Episodes": 17, "AverageReturn": -17.1, "AverageDiscountedReturn": -0.6416359124149688, "TDError^2": 0.005593671929091215}
{"Iteration": 3, "Steps": 1049999, "Epsilon": 0.050000000000000044, "Episodes": 20, "AverageReturn": -17.1, "AverageDiscountedReturn": -0.6615352563046506, "TDError^2": 0.007008432876318693}
{"Iteration": 4, "Steps": 1059999, "Epsilon": 0.050000000000000044, "Episodes": 25, "AverageReturn": -16.7, "AverageDiscountedReturn": -0.46339712754624, "TDError^2": 0.005067899357527494}
{"Iteration": 5, "Steps": 1069999, "Epsilon": 0.050000000000000044, "Episodes": 29, "AverageReturn": -16.2, "AverageDiscountedReturn": -0.3973761045774189, "TDError^2": 0.009193896315991879}
{"Iteration": 6, "Steps": 1079999, "Epsilon": 0.050000000000000044, "Episodes": 33, "AverageReturn": -17.4, "AverageDiscountedReturn": -0.6042844220226572, "TDError^2": 0.008452169597148895}
{"Iteration": 7, "Steps": 1089999, "Epsilon": 0.050000000000000044, "Episodes": 37, "AverageReturn": -16.7, "AverageDiscountedReturn": -0.6901904155672726, "TDError^2": 0.00808197446167469}
{"Iteration": 8, "Steps": 1099999, "Epsilon": 0.050000000000000044, "Episodes": 41, "AverageReturn": -17.1, "AverageDiscountedReturn": -0.7515588229352322, "TDError^2": 0.007237805053591728}
{"Iteration": 9, "Steps": 1109999, "Epsilon": 0.050000000000000044, "Episodes": 44, "AverageReturn": -16.9, "AverageDiscountedReturn": -0.7656494564581106, "TDError^2": 0.00648899981752038}
{"Iteration": 10, "Steps": 1119999, "Epsilon": 0.050000000000000044, "Episodes": 48, "AverageReturn": -17.5, "AverageDiscountedReturn": -0.6686330792963838, "TDError^2": 0.007710844743996859}
{"Iteration": 11, "Steps": 1129999, "Epsilon": 0.050000000000000044, "Episodes": 51, "AverageReturn": -17.8, "AverageDiscountedReturn": -0.6879589392048181, "TDError^2": 0.005803519394248724}
{"Iteration": 12, "Steps": 1139999, "Epsilon": 0.050000000000000044, "Episodes": 55, "AverageReturn": -17.1, "AverageDiscountedReturn": -0.5304464433945408, "TDError^2": 0.005392290186136961}
{"Iteration": 13, "Steps": 1149999, "Epsilon": 0.050000000000000044, "Episodes": 58, "AverageReturn": -17.6, "AverageDiscountedReturn": -0.5559766902181571, "TDError^2": 0.00548027828335762}
{"Iteration": 14, "Steps": 1159999, "Epsilon": 0.050000000000000044, "Episodes": 61, "AverageReturn": -16.6, "AverageDiscountedReturn": -0.29974293098840715, "TDError^2": 0.004642986226826906}
{"Iteration": 15, "Steps": 1169999, "Epsilon": 0.050000000000000044, "Episodes": 64, "AverageReturn": -15.9, "AverageDiscountedReturn": -0.27441459108437805, "TDError^2": 0.005329659674316645}
{"Iteration": 16, "Steps": 1179999, "Epsilon": 0.050000000000000044, "Episodes": 66, "AverageReturn": -15.7, "AverageDiscountedReturn": -0.2198930108928338, "TDError^2": 0.004656005185097456}
{"Iteration": 17, "Steps": 1189999, "Epsilon": 0.050000000000000044, "Episodes": 69, "AverageReturn": -13.7, "AverageDiscountedReturn": -0.056535025492259396, "TDError^2": 0.004399786703288555}
{"Iteration": 18, "Steps": 1199999, "Epsilon": 0.050000000000000044, "Episodes": 72, "AverageReturn": -13.1, "AverageDiscountedReturn": -0.1138362703974221, "TDError^2": 0.002916978672146797}
{"Iteration": 19, "Steps": 1209999, "Epsilon": 0.050000000000000044, "Episodes": 75, "AverageReturn": -14.5, "AverageDiscountedReturn": -0.17767497879097605, "TDError^2": 0.004486932884901762}
{"Iteration": 20, "Steps": 1219999, "Epsilon": 0.050000000000000044, "Episodes": 79, "AverageReturn": -15.6, "AverageDiscountedReturn": -0.39313004999542284, "TDError^2": 0.005913353059440851}
{"Iteration": 21, "Steps": 1229999, "Epsilon": 0.050000000000000044, "Episodes": 82, "AverageReturn": -16.1, "AverageDiscountedReturn": -0.46361605484068963, "TDError^2": 0.00592620437964797}
{"Iteration": 22, "Steps": 1239999, "Epsilon": 0.050000000000000044, "Episodes": 85, "AverageReturn": -16.7, "AverageDiscountedReturn": -0.49886146542443266, "TDError^2": 0.004378609824925661}
{"Iteration": 23, "Steps": 1249999, "Epsilon": 0.050000000000000044, "Episodes": 88, "AverageReturn": -16.6, "AverageDiscountedReturn": -0.5079655528704192, "TDError^2": 0.0029615461826324463}
{"Iteration": 24, "Steps": 1259999, "Epsilon": 0.050000000000000044, "Episodes": 91, "AverageReturn": -16.2, "AverageDiscountedReturn": -0.36918063007665725, "TDError^2": 0.0040178983472287655}
{"Iteration": 25, "Steps": 1269999, "Epsilon": 0.050000000000000044, "Episodes": 94, "AverageReturn": -16.5, "AverageDiscountedReturn": -0.49940842698619575, "TDError^2": 0.0035656241234391928}
{"Iteration": 26, "Steps": 1279999, "Epsilon": 0.050000000000000044, "Episodes": 96, "AverageReturn": -16.4, "AverageDiscountedReturn": -0.4715525889014417, "TDError^2": 0.004151994362473488}
{"Iteration": 27, "Steps": 1289999, "Epsilon": 0.050000000000000044, "Episodes": 99, "AverageReturn": -15.3, "AverageDiscountedReturn": -0.5123657541077583, "TDError^2": 0.005606238730251789}
{"Iteration": 28, "Steps": 1299999, "Epsilon": 0.050000000000000044, "Episodes": 102, "AverageReturn": -15.9, "AverageDiscountedReturn": -0.5940215786085897, "TDError^2": 0.005490573588758707}
{"Iteration": 29, "Steps": 1309999, "Epsilon": 0.050000000000000044, "Episodes": 104, "AverageReturn": -15.5, "AverageDiscountedReturn": -0.5886853017216748, "TDError^2": 0.003895156318321824}
{"Iteration": 30, "Steps": 1319999, "Epsilon": 0.050000000000000044, "Episodes": 107, "AverageReturn": -14.9, "AverageDiscountedReturn": -0.5479120336481065, "TDError^2": 0.004105411469936371}
{"Iteration": 31, "Steps": 1329999, "Epsilon": 0.050000000000000044, "Episodes": 110, "AverageReturn": -15.1, "AverageDiscountedReturn": -0.4950727757456906, "TDError^2": 0.006171824410557747}
